Symbol,Nifty 50,Nifty Next 50,Nifty 500,Nifty 750,Nifty Midcap 150,Nifty smallcap 250
360ONE,ADANIENT,ABB,360ONE,360ONE,360ONE,ACMESOLAR
3MINDIA,ADANIPORTS,ADANIENSOL,3MINDIA,3MINDIA,3MINDIA,AADHARHFC
ABB,APOLLOHOSP,ADANIGREEN,ABB,ABB,ACC,AARTIIND
ACC,ASIANPAINT,ADANIPOWER,ACC,ACC,AIAENG,AAVAS
AIAENG,AXISBANK,AMBUJACEM,ACMESOLAR,ACMESOLAR,APLAPOLLO,ACE
APLAPOLLO,BAJAJ-AUTO,DMART,AIAENG,AGI,AUBANK,ABREL
AUBANK,BAJFINANCE,BAJAJHLDNG,APLAPOLLO,AIAENG,AWL,ABSLAMC
AADHARHFC,BAJAJFINSV,BAJAJHFL,AUBANK,APLAPOLLO,ABBOTINDIA,AEGISLOG
AARTIIND,BEL,BANKBARODA,AWL,ASKAUTOLTD,ATGL,AFCONS
AAVAS,BHARTIARTL,BPCL,AADHARHFC,AUBANK,ABCAPITAL,AFFLE
ABBOTINDIA,CIPLA,BOSCHLTD,AARTIIND,AWL,ABFRL,AKUMS
ACE,COALINDIA,BRITANNIA,AAVAS,AADHARHFC,AJANTPHARM,APLLTD
ADANIENSOL,DRREDDY,CGPOWER,ABBOTINDIA,AARTIDRUGS,ALKEM,ALIVUS
ADANIENT,EICHERMOT,CANBK,ACE,AARTIIND,APARINDS,ALKYLAMINE
ADANIGREEN,ETERNAL,CHOLAFIN,ADANIENSOL,AARTIPHARM,APOLLOTYRE,ALOKINDS
ADANIPORTS,GRASIM,DLF,ADANIENT,AAVAS,ASHOKLEY,ARE&M
ADANIPOWER,HCLTECH,DABUR,ADANIGREEN,ABBOTINDIA,ASTRAL,AMBER
ATGL,HDFCBANK,DIVISLAB,ADANIPORTS,ACE,AUROPHARMA,ANANDRATHI
AWL,HDFCLIFE,GAIL,ADANIPOWER,ACUTAAS,BSE,ANANTRAJ
ABCAPITAL,HEROMOTOCO,GODREJCP,ATGL,ADANIENSOL,BALKRISIND,ANGELONE
ABFRL,HINDALCO,HAVELLS,ABCAPITAL,ADANIENT,BANDHANBNK,APTUS
ABREL,HINDUNILVR,HAL,ABFRL,ADANIGREEN,BANKINDIA,ASAHIINDIA
ABSLAMC,ICICIBANK,HYUNDAI,ABREL,ADANIPORTS,MAHABANK,ASTERDM
AEGISLOG,ITC,ICICIGI,ABSLAMC,ADANIPOWER,BERGEPAINT,ASTRAZEN
AFFLE,INDUSINDBK,ICICIPRULI,AEGISLOG,ATGL,BDL,ATUL
AJANTPHARM,INFY,INDHOTEL,AFCONS,ABCAPITAL,BHARATFORG,AIIL
AKUMS,JSWSTEEL,IOC,AFFLE,ABFRL,BHEL,BASF
APLLTD,JIOFIN,IRFC,AJANTPHARM,ABREL,BHARTIHEXA,BEML
ALKEM,KOTAKBANK,NAUKRI,AKUMS,ABSLAMC,BIOCON,BLS
ALKYLAMINE,LT,INDIGO,APLLTD,AVL,BLUESTARCO,BALRAMCHIN
ALOKINDS,M&M,JSWENERGY,ALIVUS,ADVENZYMES,CRISIL,BATAINDIA
ARE&M,MARUTI,JINDALSTEL,ALKEM,AEGISLOG,COCHINSHIP,BAYERCROP
AMBER,NTPC,LTIM,ALKYLAMINE,AETHER,COFORGE,BIKAJI
AMBUJACEM,NESTLEIND,LICI,ALOKINDS,AFCONS,COLPAL,BSOFT
ANANDRATHI,ONGC,LODHA,ARE&M,AFFLE,CONCOR,BLUEDART
ANANTRAJ,POWERGRID,PIDILITIND,AMBER,AHLUCONT,COROMANDEL,BBTC
ANGELONE,RELIANCE,PFC,AMBUJACEM,AJANTPHARM,CUMMINSIND,FIRSTCRY
APARINDS,SBILIFE,PNB,ANANDRATHI,AKUMS,DALBHARAT,BRIGADE
APOLLOHOSP,SHRIRAMFIN,RECLTD,ANANTRAJ,AKZOINDIA,DEEPAKNTR,MAPMYINDIA
APOLLOTYRE,SBIN,MOTHERSON,ANGELONE,APLLTD,DIXON,CCL
APTUS,SUNPHARMA,SHREECEM,APARINDS,ALIVUS,EMAMILTD,CESC
ACI,TCS,SIEMENS,APOLLOHOSP,ALKEM,ENDURANCE,CAMPUS
ASAHIINDIA,TATACONSUM,SWIGGY,APOLLOTYRE,ALKYLAMINE,ESCORTS,CANFINHOME
ASHOKLEY,TATAMOTORS,TVSMOTOR,APTUS,ALLCARGO,EXIDEIND,CAPLIPOINT
ASIANPAINT,TATASTEEL,TATAPOWER,ASAHIINDIA,ABDL,NYKAA,CGCL
ASTERDM,TECHM,TORNTPHARM,ASHOKLEY,ALOKINDS,FEDERALBNK,CARBORUNIV
ASTRAZEN,TITAN,UNITDSPR,ASIANPAINT,ARE&M,FORTIS,CASTROLIND
ASTRAL,TRENT,VBL,ASTERDM,AMBER,GVT&D,CEATLTD
ATUL,ULTRACEMCO,VEDL,ASTRAZEN,AMBUJACEM,GMRAIRPORT,CENTRALBK
AUROPHARMA,WIPRO,ZYDUSLIFE,ASTRAL,ANANDRATHI,GICRE,CDSL
AVANTIFEED,,,ATUL,ANANTRAJ,GLAND,CENTURYPLY
DMART,,,AUROPHARMA,ANGELONE,GLAXO,CERA
AXISBANK,,,AIIL,APARINDS,GLENMARK,CHALET
BASF,,,DMART,PARKHOTELS,MEDANTA,CHAMBLFERT
BEML,,,AXISBANK,APOLLOHOSP,GODREJIND,CHENNPETRO
BLS,,,BASF,APOLLOTYRE,GODREJPROP,CHOLAHLDNG
BSE,,,BEML,APTUS,FLUOROCHEM,CUB
BAJAJ-AUTO,,,BLS,ACI,GUJGASLTD,CLEAN
BAJFINANCE,,,BSE,ARVINDFASN,HDFCAMC,COHANCE
BAJAJFINSV,,,BAJAJ-AUTO,ARVIND,HINDPETRO,CAMS
BAJAJHLDNG,,,BAJFINANCE,ASAHIINDIA,HINDZINC,CONCORDBIO
BALAMINES,,,BAJAJFINSV,ASHOKLEY,POWERINDIA,CRAFTSMAN
BALKRISIND,,,BAJAJHLDNG,ASHOKA,HONAUT,CREDITACC
BALRAMCHIN,,,BAJAJHFL,ASIANPAINT,HUDCO,CROMPTON
BANDHANBNK,,,BALKRISIND,ASTERDM,IDFCFIRSTB,CYIENT
BANKBARODA,,,BALRAMCHIN,ASTRAMICRO,IRB,DCMSHRIRAM
BANKINDIA,,,BANDHANBNK,ASTRAZEN,INDIANB,DOMS
MAHABANK,,,BANKBARODA,ASTRAL,IRCTC,DATAPATTNS
BATAINDIA,,,BANKINDIA,ATUL,IREDA,DEEPAKFERT
BAYERCROP,,,MAHABANK,AURIONPRO,IGL,DELHIVERY
BERGEPAINT,,,BATAINDIA,AUROPHARMA,INDUSTOWER,DEVYANI
BDL,,,BAYERCROP,AIIL,IPCALAB,LALPATHLAB
BEL,,,BERGEPAINT,AVALON,JKCEMENT,DUMMYDBRLT
BHARATFORG,,,BDL,AVANTIFEED,JSWINFRA,EIDPARRY
BHEL,,,BEL,DMART,JSL,EIHOTEL
BPCL,,,BHARATFORG,AWFIS,JUBLFOOD,ELECON
BHARTIARTL,,,BHEL,AXISBANK,KPRMILL,ELGIEQUIP
BHARTIHEXA,,,BPCL,AZAD,KEI,EMCURE
BIKAJI,,,BHARTIARTL,BASF,KPITTECH,ENGINERSIN
BIOCON,,,BHARTIHEXA,BEML,KALYANKJIL,ERIS
BIRLACORPN,,,BIKAJI,BLS,LTF,FACT
BSOFT,,,BIOCON,BSE,LTTS,FINCABLES
BLUEDART,,,BSOFT,BAJAJ-AUTO,LICHSGFIN,FINPIPE
BLUESTARCO,,,BLUEDART,BAJFINANCE,LINDEINDIA,FSL
BBTC,,,BLUESTARCO,BAJAJFINSV,LLOYDSME,FIVESTAR
BOSCHLTD,,,BBTC,BAJAJHIND,LUPIN,GRSE
BRIGADE,,,BOSCHLTD,BAJAJHLDNG,MRF,GILLETTE
BRITANNIA,,,FIRSTCRY,BAJAJHFL,M&MFIN,GODIGIT
MAPMYINDIA,,,BRIGADE,BALAMINES,MRPL,GPIL
CCL,,,BRITANNIA,BALKRISIND,MANKIND,GODFRYPHLP
CESC,,,MAPMYINDIA,BALRAMCHIN,MARICO,GODREJAGRO
CGPOWER,,,CCL,BALUFORGE,MFSL,GRANULES
CIEINDIA,,,CESC,BANCOINDIA,MAXHEALTH,GRAPHITE
CRISIL,,,CGPOWER,BANDHANBNK,MAZDOCK,GRAVITA
CAMPUS,,,CRISIL,BANKBARODA,MSUMI,GESHIP
CANFINHOME,,,CAMPUS,BANKINDIA,MOTILALOFS,GMDCLTD
CANBK,,,CANFINHOME,MAHABANK,MPHASIS,GNFC
CAPLIPOINT,,,CANBK,BANSALWIRE,MUTHOOTFIN,GPPL
CGCL,,,CAPLIPOINT,BATAINDIA,NHPC,GSPL
CARBORUNIV,,,CGCL,BAYERCROP,NLCINDIA,HEG
CASTROLIND,,,CARBORUNIV,BERGEPAINT,NMDC,HBLENGINE
CEATLTD,,,CASTROLIND,BEPL,NTPCGREEN,HFCL
CELLO,,,CEATLTD,BBL,NATIONALUM,HAPPSTMNDS
CENTRALBK,,,CENTRALBK,BDL,NAM-INDIA,HSCL
CDSL,,,CDSL,BEL,OBEROIRLTY,HINDCOPPER
CENTURYPLY,,,CENTURYPLY,BHARATFORG,OIL,HOMEFIRST
CERA,,,CERA,BHEL,OLAELEC,HONASA
CHALET,,,CHALET,BPCL,PAYTM,IDBI
CHAMBLFERT,,,CHAMBLFERT,BHARTIARTL,OFSS,IFCI
CHEMPLASTS,,,CHENNPETRO,BHARTIHEXA,POLICYBZR,IIFL
CHENNPETRO,,,CHOLAHLDNG,BIKAJI,PIIND,INOXINDIA
CHOLAHLDNG,,,CHOLAFIN,BIOCON,PAGEIND,IRCON
CHOLAFIN,,,CIPLA,BIRLACORPN,PATANJALI,ITI
CIPLA,,,CUB,BSOFT,PERSISTENT,INDGN
CUB,,,CLEAN,BLUEDART,PETRONET,INDIACEM
CLEAN,,,COALINDIA,BLUEJET,PHOENIXLTD,INDIAMART
COALINDIA,,,COCHINSHIP,BLUESTARCO,POLYCAB,IEX
COCHINSHIP,,,COFORGE,BBTC,PREMIERENE,IOB
COFORGE,,,COHANCE,BOMDYEING,PRESTIGE,INOXWIND
COLPAL,,,COLPAL,BOROLTD,RVNL,INTELLECT
CAMS,,,CAMS,BORORENEW,SBICARD,IGIL
CONCORDBIO,,,CONCORDBIO,BOSCHLTD,SJVN,IKS
CONCOR,,,CONCOR,FIRSTCRY,SRF,JBCHEPHARM
COROMANDEL,,,COROMANDEL,BRIGADE,SCHAEFFLER,JBMA
CRAFTSMAN,,,CRAFTSMAN,BRITANNIA,SOLARINDS,JKTYRE
CREDITACC,,,CREDITACC,MAPMYINDIA,SONACOMS,JMFINANCIL
CROMPTON,,,CROMPTON,CCL,STARHEALTH,JSWHL
CUMMINSIND,,,CUMMINSIND,CESC,SAIL,JPPOWER
CYIENT,,,CYIENT,CGPOWER,SUNTV,J&KBANK
DLF,,,DCMSHRIRAM,CIEINDIA,SUNDARMFIN,JINDALSAW
DOMS,,,DLF,CMSINFO,SUPREMEIND,JUBLINGREA
DABUR,,,DOMS,CRISIL,SUZLON,JUBLPHARMA
DALBHARAT,,,DABUR,CSBBANK,SYNGENE,JWL
DATAPATTNS,,,DALBHARAT,CAMPUS,TATACOMM,JUSTDIAL
DEEPAKFERT,,,DATAPATTNS,CANFINHOME,TATAELXSI,JYOTHYLAB
DEEPAKNTR,,,DEEPAKFERT,CANBK,TATAINVEST,JYOTICNC
DELHIVERY,,,DEEPAKNTR,CAPLIPOINT,TATATECH,KNRCON
DEVYANI,,,DELHIVERY,CGCL,NIACL,KAJARIACER
DIVISLAB,,,DEVYANI,CARBORUNIV,THERMAX,KPIL
DIXON,,,DIVISLAB,CARTRADE,TORNTPOWER,KANSAINER
LALPATHLAB,,,DIXON,CASTROLIND,TIINDIA,KARURVYSYA
DRREDDY,,,LALPATHLAB,CEATLTD,UNOMINDA,KAYNES
EIDPARRY,,,DRREDDY,CEIGALL,UPL,KEC
EIHOTEL,,,DUMMYDBRLT,CELLO,UNIONBANK,KFINTECH
EASEMYTRIP,,,EIDPARRY,CENTRALBK,UBL,KIRLOSBROS
EICHERMOT,,,EIHOTEL,CDSL,VMM,KIRLOSENG
ELECON,,,EICHERMOT,CENTURYPLY,IDEA,KIMS
ELGIEQUIP,,,ELECON,CERA,VOLTAS,LTFOODS
EMAMILTD,,,ELGIEQUIP,CHALET,WAAREEENER,LATENTVIEW
EMCURE,,,EMAMILTD,CHAMBLFERT,YESBANK,LAURUSLABS
ENDURANCE,,,EMCURE,CHEMPLASTS,,LEMONTREE
ENGINERSIN,,,ENDURANCE,CHENNPETRO,,MMTC
EQUITASBNK,,,ENGINERSIN,CHOICEIN,,MGL
ERIS,,,ERIS,CHOLAHLDNG,,MAHSEAMLES
ESCORTS,,,ESCORTS,CHOLAFIN,,MANAPPURAM
EXIDEIND,,,ETERNAL,CIGNITITEC,,MASTEK
NYKAA,,,EXIDEIND,CIPLA,,METROPOLIS
FEDERALBNK,,,NYKAA,CUB,,MINDACORP
FACT,,,FEDERALBNK,CLEAN,,MCX
FINEORG,,,FACT,COALINDIA,,NATCOPHARM
FINCABLES,,,FINCABLES,COCHINSHIP,,NBCC
FINPIPE,,,FINPIPE,COFORGE,,NCC
FSL,,,FSL,COHANCE,,NSLNISP
FIVESTAR,,,FIVESTAR,COLPAL,,NH
FORTIS,,,FORTIS,CAMS,,NAVA
GRINFRA,,,GAIL,CONCORDBIO,,NAVINFLUOR
GAIL,,,GVT&D,CONCOR,,NETWEB
GVT&D,,,GMRAIRPORT,COROMANDEL,,NETWORK18
GMRAIRPORT,,,GRSE,CRAFTSMAN,,NEULANDLAB
GRSE,,,GICRE,CREDITACC,,NEWGEN
GICRE,,,GILLETTE,CROMPTON,,NIVABUPA
GILLETTE,,,GLAND,CUMMINSIND,,NUVAMA
GLAND,,,GLAXO,CYIENTDLM,,OLECTRA
GLAXO,,,GLENMARK,CYIENT,,PCBL
GLENMARK,,,MEDANTA,DCBBANK,,PGEL
MEDANTA,,,GODIGIT,DCMSHRIRAM,,PNBHOUSING
GODIGIT,,,GPIL,DCXINDIA,,PNCINFRA
GPIL,,,GODFRYPHLP,DLF,,PTCIL
GODFRYPHLP,,,GODREJAGRO,DOMS,,PVRINOX
GODREJAGRO,,,GODREJCP,DABUR,,PFIZER
GODREJCP,,,GODREJIND,DALBHARAT,,PEL
GODREJIND,,,GODREJPROP,DATAPATTNS,,PPLPHARMA
GODREJPROP,,,GRANULES,DATAMATICS,,POLYMED
GRANULES,,,GRAPHITE,DEEPAKFERT,,POONAWALLA
GRAPHITE,,,GRASIM,DEEPAKNTR,,PRAJIND
GRASIM,,,GRAVITA,DELHIVERY,,RRKABEL
GESHIP,,,GESHIP,DEVYANI,,RBLBANK
GRINDWELL,,,FLUOROCHEM,DHANI,,RHIM
GAEL,,,GUJGASLTD,DBL,,RITES
FLUOROCHEM,,,GMDCLTD,DCAL,,RADICO
GUJGASLTD,,,GNFC,DIVISLAB,,RAILTEL
GMDCLTD,,,GPPL,DIXON,,RAINBOW
GNFC,,,GSPL,DODLA,,RKFORGE
GPPL,,,HEG,LALPATHLAB,,RCF
GSFC,,,HBLENGINE,DRREDDY,,RTNINDIA
GSPL,,,HCLTECH,DUMMYSTLTE,,RAYMONDLSL
HEG,,,HDFCAMC,DUMMYDBRLT,,RAYMOND
HBLPOWER,,,HDFCBANK,DYNAMATECH,,REDINGTON
HCLTECH,,,HDFCLIFE,EIDPARRY,,RPOWER
HDFCAMC,,,HFCL,EIHOTEL,,ROUTE
HDFCBANK,,,HAPPSTMNDS,EPL,,SBFC
HDFCLIFE,,,HAVELLS,EASEMYTRIP,,SKFINDIA
HFCL,,,HEROMOTOCO,EDELWEISS,,SAGILITY
HAPPSTMNDS,,,HSCL,EICHERMOT,,SAILIFE
HAVELLS,,,HINDALCO,ELECON,,SAMMAANCAP
HEROMOTOCO,,,HAL,EMIL,,SAPPHIRE
HSCL,,,HINDCOPPER,ELECTCAST,,SARDAEN
HINDALCO,,,HINDPETRO,ELGIEQUIP,,SAREGAMA
HAL,,,HINDUNILVR,EMAMILTD,,SCHNEIDER
HINDCOPPER,,,HINDZINC,EMBDL,,SCI
HINDPETRO,,,POWERINDIA,EMCURE,,RENUKA
HINDUNILVR,,,HOMEFIRST,ENDURANCE,,SHYAMMETL
HINDZINC,,,HONASA,ENGINERSIN,,SIGNATURE
POWERINDIA,,,HONAUT,ENTERO,,SOBHA
HOMEFIRST,,,HUDCO,EIEL,,SONATSOFTW
HONASA,,,HYUNDAI,EPIGRAL,,SWSOLAR
HONAUT,,,ICICIBANK,EQUITASBNK,,SUMICHEM
HUDCO,,,ICICIGI,ERIS,,SUNDRMFAST
ICICIBANK,,,ICICIPRULI,ESCORTS,,SWANENERGY
ICICIGI,,,IDBI,ETERNAL,,SYRMA
ICICIPRULI,,,IDFCFIRSTB,ETHOSLTD,,TBOTEK
ISEC,,,IFCI,EUREKAFORB,,TANLA
IDBI,,,IIFL,EXIDEIND,,TATACHEM
IDFCFIRSTB,,,INOXINDIA,FDC,,TTML
IFCI,,,IRB,NYKAA,,TECHNOE
IIFL,,,IRCON,FEDERALBNK,,TEJASNET
INOXINDIA,,,ITC,FACT,,RAMCOCEM
IRB,,,ITI,FIEMIND,,TIMKEN
IRCON,,,INDGN,FINEORG,,TITAGARH
ITC,,,INDIACEM,FCL,,TARIL
ITI,,,INDIAMART,FINCABLES,,TRIDENT
INDGN,,,INDIANB,FINPIPE,,TRIVENI
INDIACEM,,,IEX,FSL,,TRITURBINE
INDIAMART,,,INDHOTEL,FIVESTAR,,UCOBANK
INDIANB,,,IOC,FORCEMOT,,UTIAMC
IEX,,,IOB,FORTIS,,USHAMART
INDHOTEL,,,IRCTC,GRINFRA,,VGUARD
IOC,,,IRFC,GAIL,,DBREALTY
IOB,,,IREDA,GVT&D,,VTL
IRCTC,,,IGL,GHCL,,MANYAVAR
IRFC,,,INDUSTOWER,GMMPFAUDLR,,VIJAYA
IREDA,,,INDUSINDBK,GMRAIRPORT,,WELCORP
IGL,,,NAUKRI,GMRP&UI,,WELSPUNLIV
INDUSTOWER,,,INFY,GABRIEL,,WESTLIFE
INDUSINDBK,,,INOXWIND,GANESHHOUC,,WHIRLPOOL
NAUKRI,,,INTELLECT,GANECOS,,WOCKPHARMA
INFY,,,INDIGO,GRSE,,ZFCVINDIA
INOXWIND,,,IGIL,GRWRHITECH,,ZEEL
INTELLECT,,,IKS,GARFIBRES,,ZENTEC
INDIGO,,,IPCALAB,GATEWAY,,ZENSARTECH
IPCALAB,,,JBCHEPHARM,GICRE,,ECLERX
JBCHEPHARM,,,JKCEMENT,GILLETTE,,
JKCEMENT,,,JBMA,GLAND,,
JBMA,,,JKTYRE,GLAXO,,
JKLAKSHMI,,,JMFINANCIL,GLENMARK,,
JKTYRE,,,JSWENERGY,MEDANTA,,
JMFINANCIL,,,JSWHL,GODIGIT,,
JSWENERGY,,,JSWINFRA,GPIL,,
JSWINFRA,,,JSWSTEEL,GODFRYPHLP,,
JSWSTEEL,,,JPPOWER,GODREJAGRO,,
JPPOWER,,,J&KBANK,GODREJCP,,
J&KBANK,,,JINDALSAW,GODREJIND,,
JINDALSAW,,,JSL,GODREJPROP,,
JSL,,,JINDALSTEL,GOKEX,,
JINDALSTEL,,,JIOFIN,GOPAL,,
JIOFIN,,,JUBLFOOD,GRANULES,,
JUBLFOOD,,,JUBLINGREA,GRAPHITE,,
JUBLINGREA,,,JUBLPHARMA,GRASIM,,
JUBLPHARMA,,,JWL,GRAVITA,,
JWL,,,JUSTDIAL,GESHIP,,
JUSTDIAL,,,JYOTHYLAB,GREAVESCOT,,
JYOTHYLAB,,,JYOTICNC,GREENPANEL,,
JYOTICNC,,,KPRMILL,GREENPLY,,
KPRMILL,,,KEI,GAEL,,
KEI,,,KNRCON,FLUOROCHEM,,
KNRCON,,,KPITTECH,GUJGASLTD,,
KPITTECH,,,KAJARIACER,GMDCLTD,,
KSB,,,KPIL,GNFC,,
KAJARIACER,,,KALYANKJIL,GPPL,,
KPIL,,,KANSAINER,GSFC,,
KALYANKJIL,,,KARURVYSYA,GSPL,,
KANSAINER,,,KAYNES,GULFOILLUB,,
KARURVYSYA,,,KEC,HEG,,
KAYNES,,,KFINTECH,HGINFRA,,
KEC,,,KIRLOSBROS,HBLENGINE,,
KFINTECH,,,KIRLOSENG,HCLTECH,,
KIRLOSBROS,,,KOTAKBANK,HDFCAMC,,
KIRLOSENG,,,KIMS,HDFCBANK,,
KOTAKBANK,,,LTF,HDFCLIFE,,
KIMS,,,LTTS,HFCL,,
LTF,,,LICHSGFIN,HAPPSTMNDS,,
LTTS,,,LTFOODS,HATHWAY,,
LICHSGFIN,,,LTIM,HAVELLS,,
LTIM,,,LT,HCG,,
LT,,,LATENTVIEW,HEIDELBERG,,
LATENTVIEW,,,LAURUSLABS,HEMIPROP,,
LAURUSLABS,,,LEMONTREE,HERITGFOOD,,
LEMONTREE,,,LICI,HEROMOTOCO,,
LICI,,,LINDEINDIA,HIKAL,,
LINDEINDIA,,,LLOYDSME,HSCL,,
LLOYDSME,,,LODHA,HINDALCO,,
LUPIN,,,LUPIN,HAL,,
MMTC,,,MMTC,HCC,,
MRF,,,MRF,HINDCOPPER,,
LODHA,,,MGL,HINDPETRO,,
MGL,,,MAHSEAMLES,HINDUNILVR,,
MAHSEAMLES,,,M&MFIN,HINDZINC,,
M&MFIN,,,M&M,POWERINDIA,,
M&M,,,MANAPPURAM,HOMEFIRST,,
MAHLIFE,,,MRPL,HONASA,,
MANAPPURAM,,,MANKIND,HONAUT,,
MRPL,,,MARICO,HUDCO,,
MANKIND,,,MARUTI,HYUNDAI,,
MARICO,,,MASTEK,ICICIBANK,,
MARUTI,,,MFSL,ICICIGI,,
MASTEK,,,MAXHEALTH,ICICIPRULI,,
MFSL,,,MAZDOCK,IDBI,,
MAXHEALTH,,,METROPOLIS,IDFCFIRSTB,,
MAZDOCK,,,MINDACORP,IFBIND,,
METROBRAND,,,MSUMI,IFCI,,
METROPOLIS,,,MOTILALOFS,IIFLCAPS,,
MINDACORP,,,MPHASIS,IIFL,,
MSUMI,,,MCX,INOXINDIA,,
MOTILALOFS,,,MUTHOOTFIN,IRB,,
MPHASIS,,,NATCOPHARM,IRCON,,
MCX,,,NBCC,ITC,,
MUTHOOTFIN,,,NCC,ITDCEM,,
NATCOPHARM,,,NHPC,ITI,,
NBCC,,,NLCINDIA,IMAGICAA,,
NCC,,,NMDC,INDGN,,
NHPC,,,NSLNISP,INDIACEM,,
NLCINDIA,,,NTPCGREEN,INDIAGLYCO,,
NMDC,,,NTPC,INDIASHLTR,,
NSLNISP,,,NH,INDIAMART,,
NTPC,,,NATIONALUM,INDIANB,,
NH,,,NAVA,IEX,,
NATIONALUM,,,NAVINFLUOR,INDHOTEL,,
NAVINFLUOR,,,NESTLEIND,IMFA,,
NESTLEIND,,,NETWEB,IOC,,
NETWEB,,,NETWORK18,IOB,,
NETWORK18,,,NEULANDLAB,IRCTC,,
NEWGEN,,,NEWGEN,IRFC,,
NAM-INDIA,,,NAM-INDIA,IREDA,,
NUVAMA,,,NIVABUPA,INDIGOPNTS,,
NUVOCO,,,NUVAMA,ICIL,,
OBEROIRLTY,,,OBEROIRLTY,IGL,,
ONGC,,,ONGC,INDUSTOWER,,
OIL,,,OIL,INDUSINDBK,,
OLECTRA,,,OLAELEC,INFIBEAM,,
PAYTM,,,OLECTRA,NAUKRI,,
OFSS,,,PAYTM,INFY,,
POLICYBZR,,,OFSS,INGERRAND,,
PCBL,,,POLICYBZR,INNOVACAP,,
PIIND,,,PCBL,INOXGREEN,,
PNBHOUSING,,,PGEL,INOXWIND,,
PNCINFRA,,,PIIND,INTELLECT,,
PTCIL,,,PNBHOUSING,INDIGO,,
PVRINOX,,,PNCINFRA,IGIL,,
PAGEIND,,,PTCIL,IKS,,
PATANJALI,,,PVRINOX,IONEXCHANG,,
PERSISTENT,,,PAGEIND,IPCALAB,,
PETRONET,,,PATANJALI,ISGEC,,
PFIZER,,,PERSISTENT,JBCHEPHARM,,
PHOENIXLTD,,,PETRONET,JKCEMENT,,
PIDILITIND,,,PFIZER,JKIL,,
PEL,,,PHOENIXLTD,JBMA,,
PPLPHARMA,,,PIDILITIND,JKLAKSHMI,,
POLYMED,,,PEL,JKPAPER,,
POLYCAB,,,PPLPHARMA,JKTYRE,,
POONAWALLA,,,POLYMED,JMFINANCIL,,
PFC,,,POLYCAB,JSWENERGY,,
POWERGRID,,,POONAWALLA,JSWHL,,
PRAJIND,,,PFC,JSWINFRA,,
PRESTIGE,,,POWERGRID,JSWSTEEL,,
PGHH,,,PRAJIND,JTLIND,,
PNB,,,PREMIERENE,JAIBALAJI,,
QUESS,,,PRESTIGE,JAICORPLTD,,
RRKABEL,,,PNB,JISLJALEQS,,
RBLBANK,,,RRKABEL,JPPOWER,,
RECLTD,,,RBLBANK,J&KBANK,,
RHIM,,,RECLTD,JAMNAAUTO,,
RITES,,,RHIM,JSFB,,
RADICO,,,RITES,JINDALSAW,,
RVNL,,,RADICO,JSL,,
RAILTEL,,,RVNL,JINDALSTEL,,
RAINBOW,,,RAILTEL,JINDWORLD,,
RAJESHEXPO,,,RAINBOW,JIOFIN,,
RKFORGE,,,RKFORGE,JCHAC,,
RCF,,,RCF,JUBLFOOD,,
RATNAMANI,,,RTNINDIA,JUBLINGREA,,
RTNINDIA,,,RAYMONDLSL,JUBLPHARMA,,
RAYMOND,,,RAYMOND,JWL,,
REDINGTON,,,REDINGTON,JUSTDIAL,,
RELIANCE,,,RELIANCE,JYOTHYLAB,,
ROUTE,,,RPOWER,JYOTICNC,,
SBFC,,,ROUTE,KPRMILL,,
SBICARD,,,SBFC,KEI,,
SBILIFE,,,SBICARD,KNRCON,,
SJVN,,,SBILIFE,KPIGREEN,,
SKFINDIA,,,SJVN,KPITTECH,,
SRF,,,SKFINDIA,KRBL,,
SAMMAANCAP,,,SRF,KSB,,
MOTHERSON,,,SAGILITY,KAJARIACER,,
SANOFI,,,SAILIFE,KPIL,,
SAPPHIRE,,,SAMMAANCAP,KALYANKJIL,,
SAREGAMA,,,MOTHERSON,KSL,,
SCHAEFFLER,,,SAPPHIRE,KANSAINER,,
SCHNEIDER,,,SARDAEN,KTKBANK,,
SCI,,,SAREGAMA,KARURVYSYA,,
SHREECEM,,,SCHAEFFLER,KSCL,,
RENUKA,,,SCHNEIDER,KAYNES,,
SHRIRAMFIN,,,SCI,KEC,,
SHYAMMETL,,,SHREECEM,KFINTECH,,
SIEMENS,,,RENUKA,KIRLOSBROS,,
SIGNATURE,,,SHRIRAMFIN,KIRLOSENG,,
SOBHA,,,SHYAMMETL,KIRLPNU,,
SOLARINDS,,,SIEMENS,KOTAKBANK,,
SONACOMS,,,SIGNATURE,KIMS,,
SONATSOFTW,,,SOBHA,LTF,,
STARHEALTH,,,SOLARINDS,LTTS,,
SBIN,,,SONACOMS,LICHSGFIN,,
SAIL,,,SONATSOFTW,LMW,,
SWSOLAR,,,STARHEALTH,LTFOODS,,
SUMICHEM,,,SBIN,LTIM,,
SPARC,,,SAIL,LT,,
SUNPHARMA,,,SWSOLAR,LATENTVIEW,,
SUNTV,,,SUMICHEM,LAURUSLABS,,
SUNDARMFIN,,,SUNPHARMA,LXCHEM,,
SUNDRMFAST,,,SUNTV,IXIGO,,
SUPREMEIND,,,SUNDARMFIN,LEMONTREE,,
SUVENPHAR,,,SUNDRMFAST,LICI,,
SUZLON,,,SUPREMEIND,LINDEINDIA,,
SWANENERGY,,,SUZLON,LLOYDSENGG,,
SYNGENE,,,SWANENERGY,LLOYDSENT,,
SYRMA,,,SWIGGY,LLOYDSME,,
TBOTEK,,,SYNGENE,LODHA,,
TVSMOTOR,,,SYRMA,LUPIN,,
TVSSCS,,,TBOTEK,LUXIND,,
TANLA,,,TVSMOTOR,MMTC,,
TATACHEM,,,TANLA,MOIL,,
TATACOMM,,,TATACHEM,MRF,,
TCS,,,TATACOMM,MSTCLTD,,
TATACONSUM,,,TCS,MTARTECH,,
TATAELXSI,,,TATACONSUM,MGL,,
TATAINVEST,,,TATAELXSI,MAHSCOOTER,,
TATAMOTORS,,,TATAINVEST,MAHSEAMLES,,
TATAPOWER,,,TATAMOTORS,M&MFIN,,
TATASTEEL,,,TATAPOWER,M&M,,
TATATECH,,,TATASTEEL,MAHLIFE,,
TTML,,,TATATECH,MANINFRA,,
TECHM,,,TTML,MANAPPURAM,,
TECHNOE,,,TECHM,MRPL,,
TEJASNET,,,TECHNOE,MANKIND,,
NIACL,,,TEJASNET,MARICO,,
RAMCOCEM,,,NIACL,MARKSANS,,
THERMAX,,,RAMCOCEM,MARUTI,,
TIMKEN,,,THERMAX,MASTEK,,
TITAGARH,,,TIMKEN,MAXESTATES,,
TITAN,,,TITAGARH,MFSL,,
TORNTPHARM,,,TITAN,MAXHEALTH,,
TORNTPOWER,,,TORNTPHARM,MAZDOCK,,
TRENT,,,TORNTPOWER,MEDPLUS,,
TRIDENT,,,TARIL,METROPOLIS,,
TRIVENI,,,TRENT,MINDACORP,,
TRITURBINE,,,TRIDENT,MIDHANI,,
TIINDIA,,,TRIVENI,MSUMI,,
UCOBANK,,,TRITURBINE,MOTILALOFS,,
UNOMINDA,,,TIINDIA,MPHASIS,,
UPL,,,UCOBANK,BECTORFOOD,,
UTIAMC,,,UNOMINDA,MCX,,
UJJIVANSFB,,,UPL,MUTHOOTFIN,,
ULTRACEMCO,,,UTIAMC,NATCOPHARM,,
UNIONBANK,,,ULTRACEMCO,NBCC,,
UBL,,,UNIONBANK,NCC,,
UNITDSPR,,,UBL,NEOGEN,,
USHAMART,,,UNITDSPR,NESCO,,
VGUARD,,,USHAMART,NHPC,,
VIPIND,,,VGUARD,NLCINDIA,,
DBREALTY,,,DBREALTY,NMDC,,
VTL,,,VTL,NSLNISP,,
VARROC,,,VBL,NOCIL,,
VBL,,,MANYAVAR,NTPCGREEN,,
MANYAVAR,,,VEDL,NTPC,,
VEDL,,,VIJAYA,NH,,
VIJAYA,,,VMM,NATIONALUM,,
VINATIORGA,,,IDEA,NFL,,
IDEA,,,VOLTAS,NAVA,,
VOLTAS,,,WAAREEENER,NAVINFLUOR,,
WELCORP,,,WELCORP,NAZARA,,
WELSPUNLIV,,,WELSPUNLIV,NESTLEIND,,
WESTLIFE,,,WESTLIFE,NETWEB,,
WHIRLPOOL,,,WHIRLPOOL,NETWORK18,,
WIPRO,,,WIPRO,NEULANDLAB,,
YESBANK,,,WOCKPHARMA,NEWGEN,,
ZFCVINDIA,,,YESBANK,NAM-INDIA,,
ZEEL,,,ZFCVINDIA,NIVABUPA,,
ZENSARTECH,,,ZEEL,NUVAMA,,
ZOMATO,,,ZENTEC,NUVOCO,,
ZYDUSLIFE,,,ZENSARTECH,OBEROIRLTY,,
ECLERX,,,ZYDUSLIFE,ONGC,,
Symbol,,,ECLERX,OIL,,
360ONE,,,,OLAELEC,,
3MINDIA,,,,OLECTRA,,
ABB,,,,PAYTM,,
ACC,,,,OPTIEMUS,,
AIAENG,,,,OFSS,,
APLAPOLLO,,,,ORCHPHARMA,,
AUBANK,,,,ORIENTCEM,,
AADHARHFC,,,,ORISSAMINE,,
AARTIIND,,,,PNGJL,,
AAVAS,,,,POLICYBZR,,
ABBOTINDIA,,,,PCJEWELLER,,
ACE,,,,PCBL,,
ADANIENSOL,,,,PGEL,,
ADANIENT,,,,PIIND,,
ADANIGREEN,,,,PNBHOUSING,,
ADANIPORTS,,,,PNCINFRA,,
ADANIPOWER,,,,PTC,,
ATGL,,,,PTCIL,,
AWL,,,,PVRINOX,,
ABCAPITAL,,,,PAGEIND,,
ABFRL,,,,PAISALO,,
ABREL,,,,PARADEEP,,
ABSLAMC,,,,PARAS,,
AEGISLOG,,,,PATANJALI,,
AFFLE,,,,PATELENG,,
AJANTPHARM,,,,PGIL,,
AKUMS,,,,PERSISTENT,,
APLLTD,,,,PETRONET,,
ALKEM,,,,PFIZER,,
ALKYLAMINE,,,,PHOENIXLTD,,
ALOKINDS,,,,PIDILITIND,,
ARE&M,,,,PEL,,
AMBER,,,,PPLPHARMA,,
AMBUJACEM,,,,POLYMED,,
ANANDRATHI,,,,POLYCAB,,
ANANTRAJ,,,,POLYPLEX,,
ANGELONE,,,,POONAWALLA,,
APARINDS,,,,PFC,,
APOLLOHOSP,,,,POWERGRID,,
APOLLOTYRE,,,,POWERMECH,,
APTUS,,,,PRAJIND,,
ACI,,,,PREMIERENE,,
ASAHIINDIA,,,,PRESTIGE,,
ASHOKLEY,,,,PRICOLLTD,,
ASIANPAINT,,,,PRINCEPIPE,,
ASTERDM,,,,PRSMJOHNSN,,
ASTRAZEN,,,,PRUDENT,,
ASTRAL,,,,PNB,,
ATUL,,,,RRKABEL,,
AUROPHARMA,,,,RBLBANK,,
AVANTIFEED,,,,RECLTD,,
DMART,,,,RHIM,,
AXISBANK,,,,RITES,,
BASF,,,,RADICO,,
BEML,,,,RVNL,,
BLS,,,,RAILTEL,,
BSE,,,,RAIN,,
BAJAJ-AUTO,,,,RAINBOW,,
BAJFINANCE,,,,RAJESHEXPO,,
BAJAJFINSV,,,,RALLIS,,
BAJAJHLDNG,,,,RKFORGE,,
BALAMINES,,,,RCF,,
BALKRISIND,,,,RATEGAIN,,
BALRAMCHIN,,,,RTNINDIA,,
BANDHANBNK,,,,RTNPOWER,,
BANKBARODA,,,,RAYMONDLSL,,
BANKINDIA,,,,RAYMOND,,
MAHABANK,,,,REDINGTON,,
BATAINDIA,,,,REDTAPE,,
BAYERCROP,,,,REFEX,,
BERGEPAINT,,,,RELIANCE,,
BDL,,,,RELINFRA,,
BEL,,,,RPOWER,,
BHARATFORG,,,,RELIGARE,,
BHEL,,,,RESPONIND,,
BPCL,,,,RBA,,
BHARTIARTL,,,,ROSSARI,,
BHARTIHEXA,,,,ROUTE,,
BIKAJI,,,,SBFC,,
BIOCON,,,,SBICARD,,
BIRLACORPN,,,,SBILIFE,,
BSOFT,,,,SJVN,,
BLUEDART,,,,SKFINDIA,,
BLUESTARCO,,,,SRF,,
BBTC,,,,SAFARI,,
BOSCHLTD,,,,SAGILITY,,
BRIGADE,,,,SAILIFE,,
BRITANNIA,,,,SAMHI,,
MAPMYINDIA,,,,SAMMAANCAP,,
CCL,,,,MOTHERSON,,
CESC,,,,SANOFICONR,,
CGPOWER,,,,SANOFI,,
CIEINDIA,,,,SANSERA,,
CRISIL,,,,SAPPHIRE,,
CAMPUS,,,,SARDAEN,,
CANFINHOME,,,,SAREGAMA,,
CANBK,,,,SCHAEFFLER,,
CAPLIPOINT,,,,SCHNEIDER,,
CGCL,,,,SENCO,,
CARBORUNIV,,,,SEQUENT,,
CASTROLIND,,,,SHAILY,,
CEATLTD,,,,SHAKTIPUMP,,
CELLO,,,,SHARDACROP,,
CENTRALBK,,,,SHAREINDIA,,
CDSL,,,,SFL,,
CENTURYPLY,,,,SHILPAMED,,
CERA,,,,SCI,,
CHALET,,,,SBCL,,
CHAMBLFERT,,,,SHOPERSTOP,,
CHEMPLASTS,,,,SHREECEM,,
CHENNPETRO,,,,RENUKA,,
CHOLAHLDNG,,,,SHRIRAMFIN,,
CHOLAFIN,,,,SHRIPISTON,,
CIPLA,,,,SHYAMMETL,,
CUB,,,,SIEMENS,,
CLEAN,,,,SIGNATURE,,
COALINDIA,,,,SKIPPER,,
COCHINSHIP,,,,SOBHA,,
COFORGE,,,,SOLARINDS,,
COLPAL,,,,SONACOMS,,
CAMS,,,,SONATSOFTW,,
CONCORDBIO,,,,SOUTHBANK,,
CONCOR,,,,SPANDANA,,
COROMANDEL,,,,STARCEMENT,,
CRAFTSMAN,,,,STARHEALTH,,
CREDITACC,,,,SBIN,,
CROMPTON,,,,SAIL,,
CUMMINSIND,,,,SWSOLAR,,
CYIENT,,,,STLTECH,,
DLF,,,,STAR,,
DOMS,,,,STYLAMIND,,
DABUR,,,,SUBROS,,
DALBHARAT,,,,SUDARSCHEM,,
DATAPATTNS,,,,SULA,,
DEEPAKFERT,,,,SUMICHEM,,
DEEPAKNTR,,,,SPARC,,
DELHIVERY,,,,SUNPHARMA,,
DEVYANI,,,,SUNTV,,
DIVISLAB,,,,SUNDARMFIN,,
DIXON,,,,SUNDRMFAST,,
LALPATHLAB,,,,SUNFLAG,,
DRREDDY,,,,SUNTECK,,
EIDPARRY,,,,SUPRAJIT,,
EIHOTEL,,,,SUPREMEIND,,
EASEMYTRIP,,,,SUPRIYA,,
EICHERMOT,,,,SURYAROSNI,,
ELECON,,,,SUZLON,,
ELGIEQUIP,,,,SWANENERGY,,
EMAMILTD,,,,SWIGGY,,
EMCURE,,,,SYMPHONY,,
ENDURANCE,,,,SYNGENE,,
ENGINERSIN,,,,SYRMA,,
EQUITASBNK,,,,TARC,,
ERIS,,,,TBOTEK,,
ESCORTS,,,,TDPOWERSYS,,
EXIDEIND,,,,TVSMOTOR,,
NYKAA,,,,TVSSCS,,
FEDERALBNK,,,,TANLA,,
FACT,,,,TATACHEM,,
FINEORG,,,,TATACOMM,,
FINCABLES,,,,TCS,,
FINPIPE,,,,TATACONSUM,,
FSL,,,,TATAELXSI,,
FIVESTAR,,,,TATAINVEST,,
FORTIS,,,,TATAMOTORS,,
GRINFRA,,,,TATAPOWER,,
GAIL,,,,TATASTEEL,,
GVT&D,,,,TATATECH,,
GMRAIRPORT,,,,TTML,,
GRSE,,,,TEAMLEASE,,
GICRE,,,,TECHM,,
GILLETTE,,,,TECHNOE,,
GLAND,,,,TIIL,,
GLAXO,,,,TEGA,,
GLENMARK,,,,TEJASNET,,
MEDANTA,,,,TEXRAIL,,
GODIGIT,,,,THANGAMAYL,,
GPIL,,,,ANUP,,
GODFRYPHLP,,,,NIACL,,
GODREJAGRO,,,,RAMCOCEM,,
GODREJCP,,,,THERMAX,,
GODREJIND,,,,TIRUMALCHM,,
GODREJPROP,,,,THOMASCOOK,,
GRANULES,,,,TI,,
GRAPHITE,,,,TIMETECHNO,,
GRASIM,,,,TIMKEN,,
GESHIP,,,,TIPSMUSIC,,
GRINDWELL,,,,TITAGARH,,
GAEL,,,,TITAN,,
FLUOROCHEM,,,,TORNTPHARM,,
GUJGASLTD,,,,TORNTPOWER,,
GMDCLTD,,,,TARIL,,
GNFC,,,,TRANSRAILL,,
GPPL,,,,TRENT,,
GSFC,,,,TRIDENT,,
GSPL,,,,TRIVENI,,
HEG,,,,TRITURBINE,,
HBLPOWER,,,,TIINDIA,,
HCLTECH,,,,UCOBANK,,
HDFCAMC,,,,UNOMINDA,,
HDFCBANK,,,,UPL,,
HDFCLIFE,,,,UTIAMC,,
HFCL,,,,UJJIVANSFB,,
HAPPSTMNDS,,,,ULTRACEMCO,,
HAVELLS,,,,UNIMECH,,
HEROMOTOCO,,,,UNIONBANK,,
HSCL,,,,UBL,,
HINDALCO,,,,UNITDSPR,,
HAL,,,,USHAMART,,
HINDCOPPER,,,,VGUARD,,
HINDPETRO,,,,VMART,,
HINDUNILVR,,,,VIPIND,,
HINDZINC,,,,VSTIND,,
POWERINDIA,,,,WABAG,,
HOMEFIRST,,,,VAIBHAVGBL,,
HONASA,,,,DBREALTY,,
HONAUT,,,,VTL,,
HUDCO,,,,VARROC,,
ICICIBANK,,,,VBL,,
ICICIGI,,,,MANYAVAR,,
ICICIPRULI,,,,VEDL,,
ISEC,,,,VENTIVE,,
IDBI,,,,VENUSPIPES,,
IDFCFIRSTB,,,,VESUVIUS,,
IFCI,,,,VIJAYA,,
IIFL,,,,VMM,,
INOXINDIA,,,,IDEA,,
IRB,,,,VOLTAMP,,
IRCON,,,,VOLTAS,,
ITC,,,,WAAREEENER,,
ITI,,,,WEBELSOLAR,,
INDGN,,,,WELCORP,,
INDIACEM,,,,WELENT,,
INDIAMART,,,,WELSPUNLIV,,
INDIANB,,,,WESTLIFE,,
IEX,,,,WHIRLPOOL,,
INDHOTEL,,,,WIPRO,,
IOC,,,,WOCKPHARMA,,
IOB,,,,WONDERLA,,
IRCTC,,,,YATHARTH,,
IRFC,,,,YESBANK,,
IREDA,,,,ZFCVINDIA,,
IGL,,,,ZAGGLE,,
INDUSTOWER,,,,ZEEL,,
INDUSINDBK,,,,ZENTEC,,
NAUKRI,,,,ZENSARTECH,,
INFY,,,,BLACKBUCK,,
INOXWIND,,,,ZYDUSLIFE,,
INTELLECT,,,,ZYDUSWELL,,
INDIGO,,,,ECLERX,,
IPCALAB,,,,EMUDHRA,,
JBCHEPHARM,,,,,,
JKCEMENT,,,,,,
JBMA,,,,,,
JKLAKSHMI,,,,,,
JKTYRE,,,,,,
JMFINANCIL,,,,,,
JSWENERGY,,,,,,
JSWINFRA,,,,,,
JSWSTEEL,,,,,,
JPPOWER,,,,,,
J&KBANK,,,,,,
JINDALSAW,,,,,,
JSL,,,,,,
JINDALSTEL,,,,,,
JIOFIN,,,,,,
JUBLFOOD,,,,,,
JUBLINGREA,,,,,,
JUBLPHARMA,,,,,,
JWL,,,,,,
JUSTDIAL,,,,,,
JYOTHYLAB,,,,,,
JYOTICNC,,,,,,
KPRMILL,,,,,,
KEI,,,,,,
KNRCON,,,,,,
KPITTECH,,,,,,
KSB,,,,,,
KAJARIACER,,,,,,
KPIL,,,,,,
KALYANKJIL,,,,,,
KANSAINER,,,,,,
KARURVYSYA,,,,,,
KAYNES,,,,,,
KEC,,,,,,
KFINTECH,,,,,,
KIRLOSBROS,,,,,,
KIRLOSENG,,,,,,
KOTAKBANK,,,,,,
KIMS,,,,,,
LTF,,,,,,
LTTS,,,,,,
LICHSGFIN,,,,,,
LTIM,,,,,,
LT,,,,,,
LATENTVIEW,,,,,,
LAURUSLABS,,,,,,
LEMONTREE,,,,,,
LICI,,,,,,
LINDEINDIA,,,,,,
LLOYDSME,,,,,,
LUPIN,,,,,,
MMTC,,,,,,
MRF,,,,,,
LODHA,,,,,,
MGL,,,,,,
MAHSEAMLES,,,,,,
M&MFIN,,,,,,
M&M,,,,,,
MAHLIFE,,,,,,
MANAPPURAM,,,,,,
MRPL,,,,,,
MANKIND,,,,,,
MARICO,,,,,,
MARUTI,,,,,,
MASTEK,,,,,,
MFSL,,,,,,
MAXHEALTH,,,,,,
MAZDOCK,,,,,,
METROBRAND,,,,,,
METROPOLIS,,,,,,
MINDACORP,,,,,,
MSUMI,,,,,,
MOTILALOFS,,,,,,
MPHASIS,,,,,,
MCX,,,,,,
MUTHOOTFIN,,,,,,
NATCOPHARM,,,,,,
NBCC,,,,,,
NCC,,,,,,
NHPC,,,,,,
NLCINDIA,,,,,,
NMDC,,,,,,
NSLNISP,,,,,,
NTPC,,,,,,